match,attacker_name,hit_rate,damage,team
1,17_Lilghost,0.0,0.0,17
1,17_SuJiu,26.47058823529412,139.30278778076172,17
1,17_Xbei,3.875968992248062,10.800000190734863,17
1,17_xwudd,6.666666666666667,24.0,17
1,4AM_CRAZY112,7.246376811594203,261.23568534851074,4AM
1,4AM_Summer,10.20408163265306,320.3706378936768,4AM
1,4AM_Xiaohaixxxx,8.173076923076923,642.7625026702881,4AM
1,4AM_xxxLu,12.666666666666668,516.186653137207,4AM
1,ACE_ItzzChrizZ,13.114754098360656,167.67999839782715,ACE
1,ACE_KILYAKAi,17.543859649122805,177.61199760437012,ACE
1,ACE_Myca,3.1578947368421053,148.1699981689453,ACE
1,ACE_braex,17.647058823529413,188.4399948120117,ACE
1,CES_HaiSaki,14.634146341463412,99.99999618530272,CES
1,CES_Himass,10.294117647058822,68.96003532409668,CES
1,CES_Taikonn,0.0,0.0,CES
1,CES_YmCud,3.4482758620689653,90.45292472839355,CES
1,DAY_Belmoth,14.830508,489.708577,DAY
1,DAY_Flash,5.755396,211.536587,DAY
1,DAY_Nourinz,19.125683,504.292,DAY
1,DAY_PuuChiwz,4.697987,117.902008,DAY
1,DNW_Inonix,6.796117,150.841429,DNW
1,DNW_Loki,8.433735,150.222451,DNW
1,DNW_Salute,17.857143,451.547539,DNW
1,DNW_seoul,11.059908,685.735859,DNW
1,EXO_Akita,15.315315315315312,395.7683830261231,EXO
1,EXO_Rain,14.414414414414416,84.25815773010254,EXO
1,EXO_empt,11.11111111111111,159.45036792755127,EXO
1,EXO_kang,12.727272727272728,207.2890510559082,EXO
1,FaZe_Fexx,27.777778,297.796871,FaZe
1,FaZe_Gustav,10.126582,326.136723,FaZe
1,FaZe_curexi,7.407407,180.613869,FaZe
1,FaZe_jeemzz,9.615385,163.555902,FaZe
1,GBL_Glaz,0.0,0.0,GBL
1,GBL_Gyumin,3.278688524590164,145.70336723327637,GBL
1,GBL_Heaven,0.8968609865470852,56.4062385559082,GBL
1,GBL_Tosi,5.555555555555555,169.41818714141846,GBL
1,GEN_DG98,22.22222222222222,100.0,GEN
1,GEN_Foxy,6.451612903225806,82.0,GEN
1,GEN_Pio,36.36363636363637,125.0850067138672,GEN
1,GEN_taemin,3.4482758620689653,19.350000381469727,GEN
1,GEX_Leo,3.333333,10.8,GEX
1,GEX_Savior,9.836066,152.855316,GEX
1,GEX_Yuri,12.820513,91.400002,GEX
1,GEX_ZhenNan,12.222222,314.169281,GEX
1,HOWL_Apocalyp,0.0,0.0,HOWL
1,HOWL_RuerN,13.953488,267.724243,HOWL
1,HOWL_TheMad,26.086957,138.116578,HOWL
1,HOWL_scof1eld,0.0,0.0,HOWL
1,III_Adam,0.0,0.0,III
1,III_RichyB,8.620689655172415,130.54874801635742,III
1,III_Vox,1.351351351351351,55.589168548583984,III
1,III_oldless,11.428571428571429,103.995530128479,III
1,LG_Fludd,6.930693069306932,173.93906211853027,LG
1,LG_Kickstart,6.179775280898876,229.4373817443848,LG
1,LG_Relo,6.578947368421052,96.37271690368652,LG
1,LG_Snakers,10.317460317460316,448.2966938018799,LG
1,NAVI_Mell,5.660377358490567,323.2069454193115,NAVI
1,NAVI_alya,13.063063063063062,712.3408889770508,NAVI
1,NAVI_ubah,14.04109589041096,614.3438682556152,NAVI
1,NAVI_xmpl,5.504587155963304,618.1399936676025,NAVI
1,NH_HSmm,16.312056737588655,437.9313449859619,NH
1,NH_MMing,7.239819004524888,265.639196395874,NH
1,NH_Nannnnn,13.559322033898304,275.29991722106934,NH
1,NH_ZpYan1,13.924050632911392,55.44000053405762,NH
1,PLM_BORBO4Tz,2.1505376344086025,30.01999855041504,PLM
1,PLM_Flukky,5.434782608695652,21.600000381469727,PLM
1,PLM_ThanawatTH,6.299212598425196,225.71998977661133,PLM
1,PLM_Thunderz,5.681818181818182,68.5257453918457,PLM
1,PTG_Adder,0.0,0.0,PTG
1,PTG_Akad,12.903225806451612,190.7807788848877,PTG
1,PTG_Hikari,10.69182389937107,242.20000076293945,PTG
1,PTG_WICKED,2.877697841726619,157.9770565032959,PTG
1,PeRo_AZ,29.78723404255319,120.02729225158691,PeRo
1,PeRo_Aixleft,20.27972027972028,392.260648727417,PeRo
1,PeRo_Cui71,14.864864864864863,517.050048828125,PeRo
1,PeRo_Myl,12.658227848101266,132.0500030517578,PeRo
1,SQ_M1ME,5.426356589147287,91.12505149841309,SQ
1,SQ_Shrimzy,11.29032258064516,167.66804695129397,SQ
1,SQ_TGLTN,9.89010989010989,360.6515235900879,SQ
1,SQ_hwinn,9.090909090909092,60.50602722167969,SQ
1,SST_Feaven,0.0,0.0,SST
1,SST_Imhac,0.0,0.0,SST
1,SST_Runax,7.317073170731707,98.39999771118164,SST
1,SST_Tae9,5.660377358490567,83.57584762573242,SST
1,STK_PurdyKurty,7.142857142857142,74.97018814086914,STK
1,STK_Vegas,5.555555555555555,100.0,STK
1,STK_alow,0.0,0.0,STK
1,STK_penta,18.181818181818183,330.8824653625488,STK
1,TWIS_BatulinS,10.344827586206897,147.70436477661133,TWIS
1,TWIS_Lu,3.1746031746031744,61.635589599609375,TWIS
1,TWIS_Perfect1ks,1.6483516483516485,113.91364288330078,TWIS
1,TWIS_spyrro,3.3707865168539324,144.2260780334473,TWIS
1,Tian_77owo,0.0,0.0,Tian
1,Tian_LinShu,37.931034,142.0,Tian
1,Tian_LongSkr,7.407407,124.79332,Tian
1,Tian_PaoPao,12.903226,70.72266,Tian
2,17_Lilghost,5.88235294117647,160.89461612701416,17
2,17_SuJiu,7.4074074074074066,74.07080841064453,17
2,17_Xbei,2.1052631578947367,54.2578010559082,17
2,17_xwudd,81.81818181818183,3.095001220703125,17
2,4AM_CRAZY112,5.0,287.3648281097412,4AM
2,4AM_Summer,12.195121951219512,440.25724601745605,4AM
2,4AM_Xiaohaixxxx,13.089005235602096,482.7704563140869,4AM
2,4AM_xxxLu,15.348837209302326,564.9322376251221,4AM
2,ACE_ItzzChrizZ,7.228915662650602,330.7790222167969,ACE
2,ACE_KILYAKAi,8.60215053763441,171.0527057647705,ACE
2,ACE_Myca,1.4925373134328357,20.88170051574707,ACE
2,ACE_braex,22.857142857142858,305.8507270812988,ACE
2,CES_HaiSaki,2.2988505747126435,103.0793399810791,CES
2,CES_Himass,10.569105691056912,205.58824157714844,CES
2,CES_Taikonn,6.837606837606838,264.10557746887207,CES
2,CES_YmCud,5.1020408163265305,123.58437728881836,CES
2,DAY_Belmoth,5.405405,188.866333,DAY
2,DAY_Flash,8.910891,362.173462,DAY
2,DAY_Nourinz,0.0,0.0,DAY
2,DAY_PuuChiwz,4.453441,173.172865,DAY
2,DNW_Inonix,9.473684,230.985685,DNW
2,DNW_Loki,12.698413,167.977673,DNW
2,DNW_Salute,7.54717,101.120272,DNW
2,DNW_seoul,31.632653,499.076929,DNW
2,EXO_Akita,12.5,131.88950157165527,EXO
2,EXO_Rain,0.0,0.0,EXO
2,EXO_empt,0.0,0.0,EXO
2,EXO_kang,3.92156862745098,92.8096809387207,EXO
2,FaZe_Fexx,12.0,86.601751,FaZe
2,FaZe_Gustav,13.513514,161.732689,FaZe
2,FaZe_curexi,12.5,260.273455,FaZe
2,FaZe_jeemzz,25.581395,62.625786,FaZe
2,GBL_Glaz,1.282051282051282,13.23597240447998,GBL
2,GBL_Gyumin,8.108108108108109,99.99999809265135,GBL
2,GBL_Heaven,12.5,234.16192054748527,GBL
2,GBL_Tosi,3.5294117647058822,94.70190620422365,GBL
2,GEN_DG98,2.727272727272727,109.81786727905272,GEN
2,GEN_Foxy,0.0,0.0,GEN
2,GEN_Pio,2.061855670103093,51.95104789733887,GEN
2,GEN_taemin,0.0,0.0,GEN
2,GEX_Leo,15.217391,303.405262,GEX
2,GEX_Savior,3.278689,63.397003,GEX
2,GEX_Yuri,5.263158,94.835178,GEX
2,GEX_ZhenNan,14.347826,498.993702,GEX
2,HOWL_Apocalyp,17.96875,287.285867,HOWL
2,HOWL_RuerN,14.666667,120.949755,HOWL
2,HOWL_TheMad,5.769231,43.560001,HOWL
2,HOWL_scof1eld,8.791209,170.137987,HOWL
2,III_Adam,4.444444444444445,107.51408004760742,III
2,III_RichyB,16.666666666666664,296.5993595123291,III
2,III_Vox,2.666666666666667,53.58378982543945,III
2,III_oldless,4.545454545454546,128.3699951171875,III
2,LG_Fludd,9.30232558139535,128.11806106567383,LG
2,LG_Kickstart,14.43850267379679,644.9691925048828,LG
2,LG_Relo,2.898550724637681,85.61999702453613,LG
2,LG_Snakers,14.736842105263156,192.77615928649905,LG
2,NAVI_Mell,9.090909090909092,330.60887718200684,NAVI
2,NAVI_alya,15.95744680851064,139.31999588012695,NAVI
2,NAVI_ubah,14.728682170542635,233.77205276489252,NAVI
2,NAVI_xmpl,23.711340206185564,264.9938268661499,NAVI
2,NH_HSmm,9.565217391304348,254.95484352111816,NH
2,NH_MMing,3.7735849056603774,153.52507400512695,NH
2,NH_Nannnnn,20.54794520547945,408.4316883087158,NH
2,NH_ZpYan1,12.70718232044199,311.5676460266113,NH
2,PLM_BORBO4Tz,7.84313725490196,115.91999626159668,PLM
2,PLM_Flukky,0.8547008547008548,24.590869903564453,PLM
2,PLM_ThanawatTH,3.658536585365853,86.61949920654297,PLM
2,PLM_Thunderz,45.45454545454545,100.0000057220459,PLM
2,PTG_Adder,0.0,0.0,PTG
2,PTG_Akad,6.25,57.61338233947754,PTG
2,PTG_Hikari,13.043478260869565,234.00799751281735,PTG
2,PTG_WICKED,0.0,0.0,PTG
2,PeRo_AZ,0.0,0.0,PeRo
2,PeRo_Aixleft,31.746031746031743,236.5459251403809,PeRo
2,PeRo_Cui71,209.0909090909091,129.03999614715576,PeRo
2,PeRo_Myl,25.0,49.568843841552734,PeRo
2,SQ_M1ME,17.857142857142858,355.54037857055664,SQ
2,SQ_Shrimzy,9.95260663507109,501.03419494628906,SQ
2,SQ_TGLTN,1.7241379310344829,19.799999237060547,SQ
2,SQ_hwinn,7.327586206896551,440.5840835571289,SQ
2,SST_Feaven,0.0,0.0,SST
2,SST_Imhac,0.0,0.0,SST
2,SST_Runax,0.0,0.0,SST
2,SST_Tae9,0.0,0.0,SST
2,STK_PurdyKurty,3.260869565217391,56.22262191772461,STK
2,STK_Vegas,3.333333333333333,119.87363243103027,STK
2,STK_alow,5.0,224.7669448852539,STK
2,STK_penta,6.493506493506493,151.30930709838867,STK
2,TWIS_BatulinS,29.72972972972973,126.60410690307616,TWIS
2,TWIS_Lu,0.0,0.0,TWIS
2,TWIS_Perfect1ks,5.128205128205128,63.03974151611328,TWIS
2,TWIS_spyrro,16.216216216216218,118.54269599914552,TWIS
2,Tian_77owo,3.448276,26.4,Tian
2,Tian_LinShu,8.333333,34.01775,Tian
2,Tian_LongSkr,11.235955,120.932438,Tian
2,Tian_PaoPao,10.0,127.330269,Tian
3,17_Lilghost,12.12121212121212,376.3126811981201,17
3,17_SuJiu,2.941176470588235,157.30078315734863,17
3,17_Xbei,0.0,0.0,17
3,17_xwudd,22.22222222222222,49.26355171203613,17
3,4AM_CRAZY112,10.869565217391305,100.16719245910645,4AM
3,4AM_Summer,5.263157894736842,61.463998794555664,4AM
3,4AM_Xiaohaixxxx,6.666666666666667,24.560155868530277,4AM
3,4AM_xxxLu,4.918032786885246,120.10215759277344,4AM
3,ACE_ItzzChrizZ,0.0,0.0,ACE
3,ACE_KILYAKAi,18.461538461538463,447.8843140602112,ACE
3,ACE_Myca,17.75147928994083,484.6057195663452,ACE
3,ACE_braex,5.263157894736842,63.00431823730469,ACE
3,CES_HaiSaki,18.65671641791045,515.6061000823975,CES
3,CES_Himass,6.140350877192982,231.1581020355225,CES
3,CES_Taikonn,18.6046511627907,345.5309715270996,CES
3,CES_YmCud,11.67883211678832,381.5521430969238,CES
3,DAY_Belmoth,8.77193,134.636473,DAY
3,DAY_Flash,0.0,0.0,DAY
3,DAY_Nourinz,8.695652,120.420768,DAY
3,DAY_PuuChiwz,22.058824,151.608473,DAY
3,DNW_Inonix,3.960396,126.02892,DNW
3,DNW_Loki,15.909091,295.878146,DNW
3,DNW_Salute,7.446809,95.188986,DNW
3,DNW_seoul,14.925373,141.004494,DNW
3,EXO_Akita,11.16279069767442,659.8270397186279,EXO
3,EXO_Rain,10.0,108.1469955444336,EXO
3,EXO_empt,1.3245033112582782,59.83194351196289,EXO
3,EXO_kang,3.260869565217391,172.6837863922119,EXO
3,FaZe_Fexx,7.26257,252.617407,FaZe
3,FaZe_Gustav,9.289617,387.698235,FaZe
3,FaZe_curexi,1.321586,53.257936,FaZe
3,FaZe_jeemzz,7.100592,238.110479,FaZe
3,GBL_Glaz,0.0,0.0,GBL
3,GBL_Gyumin,6.451612903225806,211.37660598754883,GBL
3,GBL_Heaven,5.839416058394161,301.3451461791992,GBL
3,GBL_Tosi,8.88888888888889,259.91597175598145,GBL
3,GEN_DG98,11.320754716981131,321.0683879852295,GEN
3,GEN_Foxy,3.947368421052632,111.65011787414552,GEN
3,GEN_Pio,9.649122807017545,144.52253532409668,GEN
3,GEN_taemin,11.11111111111111,476.0079040527344,GEN
3,GEX_Leo,13.596491,518.881519,GEX
3,GEX_Savior,6.122449,352.712231,GEX
3,GEX_Yuri,12.359551,135.48,GEX
3,GEX_ZhenNan,5.363985,260.527452,GEX
3,HOWL_Apocalyp,4.545455,169.113556,HOWL
3,HOWL_RuerN,5.405405,84.55471,HOWL
3,HOWL_TheMad,0.0,0.0,HOWL
3,HOWL_scof1eld,8.396947,314.040411,HOWL
3,III_Adam,3.125,21.90387725830078,III
3,III_RichyB,0.0,0.0,III
3,III_Vox,11.11111111111111,56.43375778198242,III
3,III_oldless,3.125,21.14999961853028,III
3,LG_Fludd,11.811023622047244,353.9802045822144,LG
3,LG_Kickstart,5.617977528089887,139.36117839813232,LG
3,LG_Relo,3.389830508474576,20.21434211730957,LG
3,LG_Snakers,9.48905109489051,131.3442420959473,LG
3,NAVI_Mell,0.0,0.0,NAVI
3,NAVI_alya,5.325443786982249,245.84227561950684,NAVI
3,NAVI_ubah,11.440677966101696,540.8176288604736,NAVI
3,NAVI_xmpl,0.0,0.0,NAVI
3,NH_HSmm,0.0,0.0,NH
3,NH_MMing,12.62135922330097,206.4014434814453,NH
3,NH_Nannnnn,4.132231404958678,47.799312591552734,NH
3,NH_ZpYan1,40.49079754601227,486.5409588813782,NH
3,PLM_BORBO4Tz,2.3255813953488373,74.54147338867188,PLM
3,PLM_Flukky,6.896551724137931,27.37156105041504,PLM
3,PLM_ThanawatTH,4.6875,55.0,PLM
3,PLM_Thunderz,9.090909090909092,317.0030326843262,PLM
3,PTG_Adder,12.903225806451612,240.15213203430176,PTG
3,PTG_Akad,8.5,355.9151802062988,PTG
3,PTG_Hikari,4.918032786885246,324.3651733398437,PTG
3,PTG_WICKED,7.84313725490196,232.0,PTG
3,PeRo_AZ,4.166666666666666,0.0,PeRo
3,PeRo_Aixleft,11.0,331.5687198638916,PeRo
3,PeRo_Cui71,1.9047619047619049,57.17919158935547,PeRo
3,PeRo_Myl,6.086956521739131,132.90542602539062,PeRo
3,SQ_M1ME,1.8779342723004693,105.99603843688963,SQ
3,SQ_Shrimzy,11.75,591.9163408279419,SQ
3,SQ_TGLTN,7.238605898123325,789.650369644165,SQ
3,SQ_hwinn,9.268292682926829,495.8736076354981,SQ
3,SST_Feaven,7.6923076923076925,82.59720134735107,SST
3,SST_Imhac,5.263157894736842,77.27593994140625,SST
3,SST_Runax,3.8095238095238098,213.6495876312256,SST
3,SST_Tae9,1.5151515151515151,18.0,SST
3,STK_PurdyKurty,16.93121693121693,294.4948787689209,STK
3,STK_Vegas,12.244897959183673,78.26179504394531,STK
3,STK_alow,0.0,0.0,STK
3,STK_penta,11.76470588235294,506.7960567474365,STK
3,TWIS_BatulinS,8.67579908675799,273.22375869750977,TWIS
3,TWIS_Lu,11.180124223602483,286.0553779602051,TWIS
3,TWIS_Perfect1ks,7.766990291262135,158.84339714050293,TWIS
3,TWIS_spyrro,1.2048192771084338,107.73603057861328,TWIS
3,Tian_77owo,10.382514,297.363411,Tian
3,Tian_LinShu,7.5,203.011955,Tian
3,Tian_LongSkr,9.952607,290.959529,Tian
3,Tian_PaoPao,16.842105,374.349836,Tian
4,17_Lilghost,11.650485436893204,348.7297143936157,17
4,17_SuJiu,0.0,0.0,17
4,17_Xbei,5.797101449275362,133.86619567871094,17
4,17_xwudd,0.0,0.0,17
4,4AM_CRAZY112,9.917355371900827,147.88466262817383,4AM
4,4AM_Summer,9.821428571428571,125.02479362487792,4AM
4,4AM_Xiaohaixxxx,10.138248847926269,617.3285942077637,4AM
4,4AM_xxxLu,5.405405405405405,174.1083526611328,4AM
4,ACE_ItzzChrizZ,44.44444444444444,73.79999923706055,ACE
4,ACE_KILYAKAi,18.75,198.31679153442383,ACE
4,ACE_Myca,0.0,0.0,ACE
4,ACE_braex,5.555555555555555,63.00516891479492,ACE
4,CES_HaiSaki,31.91489361702128,326.6829471588135,CES
4,CES_Himass,32.95454545454545,322.4838733673096,CES
4,CES_Taikonn,11.688311688311687,297.4665222167969,CES
4,CES_YmCud,25.0,302.5635414123535,CES
4,DAY_Belmoth,6.956522,116.262152,DAY
4,DAY_Flash,9.52381,260.990196,DAY
4,DAY_Nourinz,3.448276,41.878389,DAY
4,DAY_PuuChiwz,1.315789,24.08486,DAY
4,DNW_Inonix,19.230769,308.769121,DNW
4,DNW_Loki,8.695652,36.493061,DNW
4,DNW_Salute,13.157895,133.57531,DNW
4,DNW_seoul,15.384615,271.188774,DNW
4,EXO_Akita,23.63636363636364,316.6220397949219,EXO
4,EXO_Rain,0.0,0.0,EXO
4,EXO_empt,11.11111111111111,99.99999809265135,EXO
4,EXO_kang,0.0,0.0,EXO
4,FaZe_Fexx,17.431193,419.033516,FaZe
4,FaZe_Gustav,8.730159,161.8363,FaZe
4,FaZe_curexi,11.504425,543.630594,FaZe
4,FaZe_jeemzz,15.025907,449.766335,FaZe
4,GBL_Glaz,3.1746031746031744,46.19999885559082,GBL
4,GBL_Gyumin,15.65217391304348,311.3677806854248,GBL
4,GBL_Heaven,8.0,48.0,GBL
4,GBL_Tosi,23.07692307692308,81.84000015258789,GBL
4,GEN_DG98,0.0,0.0,GEN
4,GEN_Foxy,21.12676056338028,178.39999961853027,GEN
4,GEN_Pio,7.142857142857142,29.937423706054688,GEN
4,GEN_taemin,20.40816326530612,118.06257629394533,GEN
4,GEX_Leo,1.538462,69.133163,GEX
4,GEX_Savior,6.944444,205.505484,GEX
4,GEX_Yuri,2.631579,59.745335,GEX
4,GEX_ZhenNan,5.660377,77.947935,GEX
4,HOWL_Apocalyp,10.843373,301.235308,HOWL
4,HOWL_RuerN,6.185567,442.197087,HOWL
4,HOWL_TheMad,6.766917,191.515512,HOWL
4,HOWL_scof1eld,8.176101,234.266134,HOWL
4,III_Adam,1.7543859649122806,14.304576873779297,III
4,III_RichyB,5.405405405405405,165.18108749389648,III
4,III_Vox,0.0,0.0,III
4,III_oldless,5.607476635514018,178.7022247314453,III
4,LG_Fludd,10.20408163265306,226.75829124450684,LG
4,LG_Kickstart,12.4031007751938,379.9679832458496,LG
4,LG_Relo,10.344827586206897,220.0657558441162,LG
4,LG_Snakers,15.217391304347828,442.4342403411865,LG
4,NAVI_Mell,66.66666666666666,23.03618335723877,NAVI
4,NAVI_alya,0.0,0.0,NAVI
4,NAVI_ubah,19.402985074626866,120.17175197601318,NAVI
4,NAVI_xmpl,28.57142857142857,73.71652793884277,NAVI
4,NH_HSmm,7.352941176470589,298.9144973754883,NH
4,NH_MMing,16.52173913043478,401.40074920654297,NH
4,NH_Nannnnn,0.0,0.0,NH
4,NH_ZpYan1,33.33333333333333,203.92428588867188,NH
4,PLM_BORBO4Tz,0.0,0.0,PLM
4,PLM_Flukky,13.559322033898304,260.04999828338623,PLM
4,PLM_ThanawatTH,11.11111111111111,21.790008544921875,PLM
4,PLM_Thunderz,12.244897959183673,175.99999809265137,PLM
4,PTG_Adder,0.0,0.0,PTG
4,PTG_Akad,11.864406779661016,283.1860122680664,PTG
4,PTG_Hikari,9.090909090909092,22.41398811340332,PTG
4,PTG_WICKED,31.11111111111111,444.91067123413086,PTG
4,PeRo_AZ,38.775510204081634,364.35874366760254,PeRo
4,PeRo_Aixleft,6.25,38.53895568847656,PeRo
4,PeRo_Cui71,11.494252873563218,235.49252700805664,PeRo
4,PeRo_Myl,9.375,100.00000190734865,PeRo
4,SQ_M1ME,15.2,263.3983211517334,SQ
4,SQ_Shrimzy,12.06896551724138,495.5584907531738,SQ
4,SQ_TGLTN,15.555555555555555,295.32934761047363,SQ
4,SQ_hwinn,8.064516129032258,72.70536518096924,SQ
4,SST_Feaven,52.63157894736842,100.0,SST
4,SST_Imhac,11.650485436893204,295.46800994873047,SST
4,SST_Runax,16.470588235294116,220.1082344055176,SST
4,SST_Tae9,0.0,0.0,SST
4,STK_PurdyKurty,0.0,0.0,STK
4,STK_Vegas,13.333333333333334,38.60999870300293,STK
4,STK_alow,13.043478260869565,89.06022071838379,STK
4,STK_penta,75.0,81.84000015258789,STK
4,TWIS_BatulinS,0.0,0.0,TWIS
4,TWIS_Lu,8.450704225352112,92.570405960083,TWIS
4,TWIS_Perfect1ks,4.081632653061225,106.10615921020508,TWIS
4,TWIS_spyrro,5.0,94.343843460083,TWIS
4,Tian_77owo,17.874396,691.478018,Tian
4,Tian_LinShu,15.384615,498.976177,Tian
4,Tian_LongSkr,12.204724,709.175964,Tian
4,Tian_PaoPao,4.597701,135.224556,Tian
5,17_Lilghost,9.268292682926829,543.5836582183838,17
5,17_SuJiu,6.944444444444445,135.79645442962646,17
5,17_Xbei,11.067193675889328,560.0995121002197,17
5,17_xwudd,9.285714285714286,161.96991539001465,17
5,4AM_CRAZY112,4.745762711864407,496.0929183959961,4AM
5,4AM_Summer,9.090909090909092,55.00065803527832,4AM
5,4AM_Xiaohaixxxx,14.705882352941178,145.45577239990234,4AM
5,4AM_xxxLu,14.720812182741115,545.7454900741577,4AM
5,ACE_ItzzChrizZ,3.636363636363636,60.22190284729004,ACE
5,ACE_KILYAKAi,13.157894736842104,189.83357048034668,ACE
5,ACE_Myca,9.30232558139535,0.0,ACE
5,ACE_braex,6.25,81.91499710083008,ACE
5,CES_HaiSaki,11.224489795918368,321.7308521270752,CES
5,CES_Himass,14.285714285714285,842.1885557174683,CES
5,CES_Taikonn,4.901960784313726,110.41197967529295,CES
5,CES_YmCud,12.698412698412698,508.1386365890503,CES
5,DAY_Belmoth,10.47619,245.373768,DAY
5,DAY_Flash,0.0,0.0,DAY
5,DAY_Nourinz,17.1875,260.086189,DAY
5,DAY_PuuChiwz,5.128205,48.781404,DAY
5,DNW_Inonix,17.333333,198.415995,DNW
5,DNW_Loki,6.140351,196.666565,DNW
5,DNW_Salute,0.0,0.0,DNW
5,DNW_seoul,7.246377,143.874975,DNW
5,EXO_Akita,3.418803418803419,120.03874111175536,EXO
5,EXO_Rain,6.206896551724138,159.63023567199707,EXO
5,EXO_empt,6.382978723404255,7.68634033203125,EXO
5,EXO_kang,13.930348258706468,492.7768268585205,EXO
5,FaZe_Fexx,17.647059,162.039993,FaZe
5,FaZe_Gustav,12.244898,84.213957,FaZe
5,FaZe_curexi,16.438356,191.585901,FaZe
5,FaZe_jeemzz,12.068966,100.0,FaZe
5,GBL_Glaz,0.0,0.0,GBL
5,GBL_Gyumin,12.63157894736842,318.776309967041,GBL
5,GBL_Heaven,6.5420560747663545,124.0,GBL
5,GBL_Tosi,0.0,0.0,GBL
5,GEN_DG98,32.35294117647059,125.38000297546388,GEN
5,GEN_Foxy,14.634146341463412,25.14902305603028,GEN
5,GEN_Pio,2.3255813953488373,25.6462516784668,GEN
5,GEN_taemin,0.0,0.0,GEN
5,GEX_Leo,10.0,61.689064,GEX
5,GEX_Savior,5.932203,208.484962,GEX
5,GEX_Yuri,5.035971,224.334269,GEX
5,GEX_ZhenNan,7.81893,349.174,GEX
5,HOWL_Apocalyp,8.139535,103.393389,HOWL
5,HOWL_RuerN,9.002433,805.498737,HOWL
5,HOWL_TheMad,3.571429,85.702494,HOWL
5,HOWL_scof1eld,5.236908,545.420338,HOWL
5,III_Adam,12.5,977.8712282180786,III
5,III_RichyB,7.017543859649122,159.23783493041992,III
5,III_Vox,9.545454545454549,502.3238124847412,III
5,III_oldless,5.833333333333333,238.22073364257807,III
5,LG_Fludd,7.462686567164178,290.76451873779297,LG
5,LG_Kickstart,18.543046357615893,684.394660949707,LG
5,LG_Relo,8.482142857142858,337.93773078918457,LG
5,LG_Snakers,12.71186440677966,538.5069732666016,LG
5,NAVI_Mell,4.3478260869565215,217.2334213256836,NAVI
5,NAVI_alya,16.91542288557214,441.7887592315674,NAVI
5,NAVI_ubah,13.333333333333334,57.598554611206055,NAVI
5,NAVI_xmpl,0.0,0.0,NAVI
5,NH_HSmm,4.3478260869565215,179.32834815979004,NH
5,NH_MMing,16.071428571428573,404.8319387435913,NH
5,NH_Nannnnn,6.211180124223603,167.1675853729248,NH
5,NH_ZpYan1,9.30232558139535,236.50572967529297,NH
5,PLM_BORBO4Tz,11.458333333333332,207.7297191619873,PLM
5,PLM_Flukky,13.924050632911392,220.7091159820557,PLM
5,PLM_ThanawatTH,7.6923076923076925,189.3679370880127,PLM
5,PLM_Thunderz,0.0,0.0,PLM
5,PTG_Adder,16.666666666666664,241.9000015258789,PTG
5,PTG_Akad,4.166666666666666,21.977367401123047,PTG
5,PTG_Hikari,16.666666666666664,100.0,PTG
5,PTG_WICKED,6.25,16.43960952758789,PTG
5,PeRo_AZ,0.0,0.0,PeRo
5,PeRo_Aixleft,17.647058823529413,343.3724308013916,PeRo
5,PeRo_Cui71,5.88235294117647,18.76249885559082,PeRo
5,PeRo_Myl,19.047619047619047,291.4345188140869,PeRo
5,SQ_M1ME,3.4642032332563506,394.4255390167236,SQ
5,SQ_Shrimzy,6.666666666666667,598.7194032669067,SQ
5,SQ_TGLTN,8.21529745042493,893.6321544647217,SQ
5,SQ_hwinn,5.017921146953405,334.88859367370605,SQ
5,SST_Feaven,26.436781609195403,175.0,SST
5,SST_Imhac,3.92156862745098,66.67154884338379,SST
5,SST_Runax,13.157894736842104,162.61632251739502,SST
5,SST_Tae9,0.0,0.0,SST
5,STK_PurdyKurty,5.88235294117647,75.01272583007812,STK
5,STK_Vegas,7.5,96.30559921264648,STK
5,STK_alow,6.944444444444445,156.27137184143066,STK
5,STK_penta,12.0,82.48131561279297,STK
5,TWIS_BatulinS,48.333333333333336,209.62960052490237,TWIS
5,TWIS_Lu,5.555555555555555,132.92458724975586,TWIS
5,TWIS_Perfect1ks,14.864864864864863,195.28563499450684,TWIS
5,TWIS_spyrro,2.2222222222222223,26.58765983581543,TWIS
5,Tian_77owo,6.081081,80.781798,Tian
5,Tian_LinShu,3.960396,163.753307,Tian
5,Tian_LongSkr,6.060606,94.564566,Tian
5,Tian_PaoPao,7.185629,148.303069,Tian
6,17_Lilghost,21.951219512195124,97.808744430542,17
6,17_SuJiu,15.0,59.39999961853027,17
6,17_Xbei,30.434782608695656,138.19861030578613,17
6,17_xwudd,4.0,7.541284561157227,17
6,4AM_CRAZY112,4.504504504504505,100.6320629119873,4AM
6,4AM_Summer,5.454545454545454,124.0,4AM
6,4AM_Xiaohaixxxx,1.8867924528301887,24.847604751586918,4AM
6,4AM_xxxLu,0.0,0.0,4AM
6,ACE_ItzzChrizZ,18.75,372.4407176971436,ACE
6,ACE_KILYAKAi,6.451612903225806,141.40110969543457,ACE
6,ACE_Myca,10.240963855421686,448.756685256958,ACE
6,ACE_braex,5.47945205479452,232.4779987335205,ACE
6,CES_HaiSaki,8.928571428571429,133.25455284118652,CES
6,CES_Himass,17.857142857142858,828.5418891906738,CES
6,CES_Taikonn,8.695652173913043,878.6659116744995,CES
6,CES_YmCud,12.091503267973856,808.8153610229492,CES
6,DAY_Belmoth,8.510638,131.36245,DAY
6,DAY_Flash,19.191919,232.825329,DAY
6,DAY_Nourinz,8.333333,43.950005,DAY
6,DAY_PuuChiwz,1.666667,28.224674,DAY
6,DNW_Inonix,8.510638,180.608624,DNW
6,DNW_Loki,7.407407,76.997612,DNW
6,DNW_Salute,8.72093,339.38965,DNW
6,DNW_seoul,9.174312,221.874172,DNW
6,EXO_Akita,4.477611940298507,70.85718727111816,EXO
6,EXO_Rain,2.8169014084507045,77.52903366088867,EXO
6,EXO_empt,0.0,0.0,EXO
6,EXO_kang,2.4390243902439024,71.028076171875,EXO
6,FaZe_Fexx,26.865672,62.828245,FaZe
6,FaZe_Gustav,9.090909,85.588472,FaZe
6,FaZe_curexi,4.545455,24.097364,FaZe
6,FaZe_jeemzz,15.384615,245.189998,FaZe
6,GBL_Glaz,12.727272727272728,461.6178646087647,GBL
6,GBL_Gyumin,17.28395061728395,369.7012910842896,GBL
6,GBL_Heaven,6.956521739130435,599.5571231842041,GBL
6,GBL_Tosi,12.0,185.69276809692383,GBL
6,GEN_DG98,3.2679738562091507,121.71953392028809,GEN
6,GEN_Foxy,13.333333333333334,235.66747760772705,GEN
6,GEN_Pio,7.511737089201878,393.333309173584,GEN
6,GEN_taemin,7.971014492753622,238.7944564819336,GEN
6,GEX_Leo,17.948718,106.074192,GEX
6,GEX_Savior,6.47482,63.20293,GEX
6,GEX_Yuri,20.754717,226.998823,GEX
6,GEX_ZhenNan,9.84456,267.415912,GEX
6,HOWL_Apocalyp,0.0,0.0,HOWL
6,HOWL_RuerN,0.0,0.0,HOWL
6,HOWL_TheMad,0.0,0.0,HOWL
6,HOWL_scof1eld,0.0,0.0,HOWL
6,III_Adam,12.244897959183673,47.72999954223633,III
6,III_RichyB,8.16326530612245,52.87000465393066,III
6,III_Vox,9.722222222222223,196.5327262878418,III
6,III_oldless,33.78378378378378,226.399995803833,III
6,LG_Fludd,7.142857142857142,24.1123104095459,LG
6,LG_Kickstart,22.857142857142858,188.60553359985352,LG
6,LG_Relo,10.81081081081081,125.4708766937256,LG
6,LG_Snakers,9.090909090909092,20.556686401367188,LG
6,NAVI_Mell,25.0,30.23999786376953,NAVI
6,NAVI_alya,0.0,0.0,NAVI
6,NAVI_ubah,129.16666666666669,159.9999885559082,NAVI
6,NAVI_xmpl,450.0,64.00000190734863,NAVI
6,NH_HSmm,4.938271604938271,99.99999618530272,NH
6,NH_MMing,34.48275862068966,128.5788688659668,NH
6,NH_Nannnnn,16.911764705882355,328.7144546508789,NH
6,NH_ZpYan1,11.377245508982035,259.4009780883789,NH
6,PLM_BORBO4Tz,3.4482758620689653,45.89526557922363,PLM
6,PLM_Flukky,1.7543859649122806,30.65701675415039,PLM
6,PLM_ThanawatTH,2.985074626865672,153.2597827911377,PLM
6,PLM_Thunderz,0.0,0.0,PLM
6,PTG_Adder,0.0,0.0,PTG
6,PTG_Akad,40.0,73.20000076293945,PTG
6,PTG_Hikari,104.28571428571428,316.00000524520874,PTG
6,PTG_WICKED,0.0,0.0,PTG
6,PeRo_AZ,0.0,0.0,PeRo
6,PeRo_Aixleft,26.47058823529412,87.54269981384277,PeRo
6,PeRo_Cui71,0.0,0.0,PeRo
6,PeRo_Myl,35.0,141.58000564575195,PeRo
6,SQ_M1ME,10.050251256281408,358.51167488098145,SQ
6,SQ_Shrimzy,10.059171597633137,345.7214641571045,SQ
6,SQ_TGLTN,6.521739130434782,133.23469734191897,SQ
6,SQ_hwinn,7.5,125.06419372558594,SQ
6,SST_Feaven,14.925373134328357,157.92000198364258,SST
6,SST_Imhac,1.2658227848101269,31.249488830566406,SST
6,SST_Runax,0.0,0.0,SST
6,SST_Tae9,9.615384615384617,156.0800018310547,SST
6,STK_PurdyKurty,6.25,91.43647384643556,STK
6,STK_Vegas,2.2222222222222223,108.6650505065918,STK
6,STK_alow,11.042944785276074,403.08540439605713,STK
6,STK_penta,10.328638497652582,117.17239952087402,STK
6,TWIS_BatulinS,9.433962264150944,205.4126205444336,TWIS
6,TWIS_Lu,14.87603305785124,414.53032302856445,TWIS
6,TWIS_Perfect1ks,8.148148148148149,449.1058521270752,TWIS
6,TWIS_spyrro,21.052631578947366,324.9390411376953,TWIS
6,Tian_77owo,2.777778,24.8976,Tian
6,Tian_LinShu,7.5,83.171682,Tian
6,Tian_LongSkr,6.451613,100.0,Tian
6,Tian_PaoPao,4.255319,81.509804,Tian
7,17_Lilghost,14.893617021276595,288.30335235595703,17
7,17_SuJiu,13.274336283185844,235.45606327056885,17
7,17_Xbei,2.8368794326241136,170.97126388549805,17
7,17_xwudd,15.068493150684931,199.49286079406733,17
7,4AM_CRAZY112,5.88235294117647,208.1072654724121,4AM
7,4AM_Summer,8.391608391608392,238.60366344451904,4AM
7,4AM_WangZai,14.166666666666666,330.5302791595459,4AM
7,4AM_Xiaohaixxxx,9.821428571428571,143.7236328125,4AM
7,ACE_ItzzChrizZ,20.23809523809524,325.8706340789795,ACE
7,ACE_KILYAKAi,18.4,393.6734142303467,ACE
7,ACE_Myca,10.76923076923077,210.6014804840088,ACE
7,ACE_braex,5.025125628140704,270.2864618301392,ACE
7,CES_HaiSaki,71.42857142857143,99.99999904632568,CES
7,CES_Himass,0.0,0.0,CES
7,CES_Taikonn,0.0,0.0,CES
7,CES_YmCud,10.344827586206897,157.4999961853027,CES
7,DAY_Belmoth,10.891089,67.235226,DAY
7,DAY_Flash,17.073171,175.141039,DAY
7,DAY_Nourinz,41.176471,168.399998,DAY
7,DAY_PuuChiwz,10.769231,236.195935,DAY
7,DNW_Inonix,1.219512,26.712,DNW
7,DNW_Loki,11.111111,235.072227,DNW
7,DNW_Salute,2.857143,87.475512,DNW
7,DNW_seoul,1.06383,37.199539,DNW
7,EXO_Akita,4.242424242424243,141.5141944885254,EXO
7,EXO_Hikerman,2.857142857142857,124.27727508544922,EXO
7,EXO_Rain,3.9647577092511015,186.38609504699707,EXO
7,EXO_empt,3.125,26.7768497467041,EXO
7,FaZe_Fexx,17.391304,133.10771,FaZe
7,FaZe_Gustav,10.526316,175.492141,FaZe
7,FaZe_curexi,19.736842,166.957594,FaZe
7,FaZe_jeemzz,17.241379,152.54781,FaZe
7,GBL_Glaz,5.154639175257731,225.06842041015625,GBL
7,GBL_Gyumin,10.582010582010582,343.7912578582764,GBL
7,GBL_Heaven,12.70718232044199,555.3071174621582,GBL
7,GBL_Tosi,6.049822064056939,220.42089939117432,GBL
7,GEN_DG98,5.405405405405405,27.38727569580078,GEN
7,GEN_Foxy,3.96039603960396,99.99999618530272,GEN
7,GEN_Pio,11.11111111111111,166.0362148284912,GEN
7,GEN_taemin,0.99009900990099,16.262645721435547,GEN
7,GEX_Leo,20.792079,279.326939,GEX
7,GEX_Savior,6.060606,48.747843,GEX
7,GEX_Yuri,35.714286,133.320002,GEX
7,GEX_ZhenNan,11.111111,96.783096,GEX
7,HOWL_Apocalyp,11.627907,345.256229,HOWL
7,HOWL_RuerN,6.293706,291.661482,HOWL
7,HOWL_TheMad,5.714286,45.11331,HOWL
7,HOWL_scof1eld,34.782609,253.744053,HOWL
7,III_Adam,2.631578947368421,0.0,III
7,III_RichyB,5.0,0.0,III
7,III_Vox,0.0,0.0,III
7,III_oldless,1.8867924528301887,26.553442001342773,III
7,LG_Fludd,6.666666666666667,23.88960075378418,LG
7,LG_Kickstart,20.0,545.5608711242676,LG
7,LG_Relo,18.064516129032256,611.7178440093994,LG
7,LG_Snakers,2.272727272727273,25.629430770874023,LG
7,NAVI_Mell,66.66666666666666,100.00000190734865,NAVI
7,NAVI_alya,0.0,0.0,NAVI
7,NAVI_ubah,18.91891891891892,147.79732704162598,NAVI
7,NAVI_xmpl,22.033898305084744,228.2009315490723,NAVI
7,NH_HSmm,8.064516129032258,138.02375507354736,NH
7,NH_MMing,13.636363636363637,378.265962600708,NH
7,NH_Nannnnn,9.859154929577464,124.33995246887208,NH
7,NH_ZpYan1,15.517241379310343,245.01898002624512,NH
7,PLM_BORBO4Tz,14.23841059602649,480.2441091537476,PLM
7,PLM_Flukky,4.66321243523316,219.9447841644287,PLM
7,PLM_ThanawatTH,12.32876712328767,360.311279296875,PLM
7,PLM_Thunderz,5.142857142857142,239.69413566589355,PLM
7,PTG_Adder,100.0,47.0,PTG
7,PTG_Akad,0.0,0.0,PTG
7,PTG_Hikari,15.384615384615383,51.96198463439941,PTG
7,PTG_WICKED,33.33333333333333,43.0,PTG
7,PeRo_AZ,6.923076923076923,350.2056713104248,PeRo
7,PeRo_Aixleft,9.64467005076142,597.2047214508057,PeRo
7,PeRo_Cui71,8.73015873015873,338.88722038269043,PeRo
7,PeRo_Myl,8.074534161490684,412.4514122009277,PeRo
7,SQ_M1ME,9.523809523809524,30.465486526489254,SQ
7,SQ_Shrimzy,10.81081081081081,110.23151206970216,SQ
7,SQ_TGLTN,5.555555555555555,166.40005683898926,SQ
7,SQ_hwinn,0.0,0.0,SQ
7,SST_Feaven,0.0,0.0,SST
7,SST_Imhac,39.58333333333333,157.63270902633667,SST
7,SST_Runax,54.83870967741935,176.0,SST
7,SST_Tae9,0.0,0.0,SST
7,STK_PurdyKurty,3.333333333333333,91.0998363494873,STK
7,STK_Vegas,8.695652173913043,180.010892868042,STK
7,STK_alow,0.0,0.0,STK
7,STK_penta,4.23728813559322,136.73215866088867,STK
7,TWIS_BatulinS,13.333333333333334,326.43959522247314,TWIS
7,TWIS_Lu,2.238805970149253,127.05313873291016,TWIS
7,TWIS_TheTab,6.70391061452514,218.40910148620603,TWIS
7,TWIS_spyrro,15.730337078651685,455.08142614364624,TWIS
7,Tian_77owo,21.052632,106.6,Tian
7,Tian_LinShu,0.724638,19.799999,Tian
7,Tian_LongSkr,17.777778,61.999998,Tian
7,Tian_PaoPao,6.060606,23.267124,Tian
8,17_Lilghost,12.5,243.95840644836423,17
8,17_SuJiu,9.195402298850574,121.87337684631348,17
8,17_Xbei,10.309278350515465,302.145450592041,17
8,17_xwudd,5.88235294117647,288.4399948120117,17
8,4AM_CRAZY112,12.903225806451612,85.68539428710938,4AM
8,4AM_Summer,0.0,0.0,4AM
8,4AM_WangZai,16.216216216216218,305.72423934936523,4AM
8,4AM_Xiaohaixxxx,3.947368421052632,76.78193473815918,4AM
8,ACE_ItzzChrizZ,0.0,0.0,ACE
8,ACE_KILYAKAi,37.5,176.99999904632568,ACE
8,ACE_Myca,18.39080459770115,258.7832279205322,ACE
8,ACE_braex,11.2,295.42755699157715,ACE
8,CES_HaiSaki,15.384615384615383,207.48198127746585,CES
8,CES_Himass,15.328467153284672,410.5823593139648,CES
8,CES_Taikonn,19.469026548672566,299.86379623413086,CES
8,CES_YmCud,16.666666666666664,25.17999649047852,CES
8,DAY_Belmoth,13.580247,229.699377,DAY
8,DAY_Flash,14.705882,151.634176,DAY
8,DAY_Nourinz,8.571429,58.565319,DAY
8,DAY_PuuChiwz,12.5,41.434677,DAY
8,DNW_Inonix,13.157895,296.928646,DNW
8,DNW_Loki,10.084034,688.680576,DNW
8,DNW_Salute,8.75576,518.786682,DNW
8,DNW_seoul,6.329114,518.130554,DNW
8,EXO_Akita,0.0,0.0,EXO
8,EXO_Hikerman,0.0,0.0,EXO
8,EXO_Rain,7.142857142857142,32.29033279418945,EXO
8,EXO_empt,7.894736842105263,100.0,EXO
8,FaZe_Fexx,7.692308,65.740707,FaZe
8,FaZe_Gustav,0.0,0.0,FaZe
8,FaZe_curexi,2.0,62.039997,FaZe
8,FaZe_jeemzz,21.95122,195.848114,FaZe
8,GBL_Glaz,1.8867924528301887,50.49502754211426,GBL
8,GBL_Gyumin,0.0,0.0,GBL
8,GBL_Heaven,9.210526315789473,171.96697902679443,GBL
8,GBL_Tosi,6.451612903225806,112.7061538696289,GBL
8,GEN_DG98,0.0,0.0,GEN
8,GEN_Foxy,0.0,0.0,GEN
8,GEN_Pio,18.75,0.0,GEN
8,GEN_taemin,30.0,100.00000381469728,GEN
8,GEX_Leo,24.770642,282.417683,GEX
8,GEX_Savior,10.11236,130.659998,GEX
8,GEX_Yuri,0.0,0.0,GEX
8,GEX_ZhenNan,68.627451,185.706293,GEX
8,HOWL_Apocalyp,2.898551,50.399998,HOWL
8,HOWL_RuerN,14.977974,148.45788,HOWL
8,HOWL_TheMad,11.392405,185.615858,HOWL
8,HOWL_scof1eld,11.47541,335.345997,HOWL
8,III_Adam,7.792207792207792,275.9169635772705,III
8,III_RichyB,9.223300970873789,464.4340953826904,III
8,III_Vox,7.216494845360824,397.547103881836,III
8,III_oldless,8.21917808219178,238.5095863342285,III
8,LG_Fludd,14.465408805031446,475.0015449523926,LG
8,LG_Kickstart,8.712121212121213,671.5919246673584,LG
8,LG_Relo,11.811023622047244,144.01141548156738,LG
8,LG_Snakers,16.666666666666664,887.2842960357666,LG
8,NAVI_Mell,0.0,0.0,NAVI
8,NAVI_alya,0.0,0.0,NAVI
8,NAVI_ubah,0.0,0.0,NAVI
8,NAVI_xmpl,38.46153846153847,173.2800006866455,NAVI
8,NH_HSmm,0.0,0.0,NH
8,NH_MMing,31.944444444444443,549.8245067596436,NH
8,NH_Nannnnn,22.41379310344828,396.883882522583,NH
8,NH_ZpYan1,11.818181818181818,270.82848072052,NH
8,PLM_BORBO4Tz,3.333333333333333,26.283315658569336,PLM
8,PLM_Flukky,29.23076923076924,226.516679763794,PLM
8,PLM_ThanawatTH,34.11764705882353,293.5321216583252,PLM
8,PLM_Thunderz,0.0,0.0,PLM
8,PTG_Adder,0.0,0.0,PTG
8,PTG_Akad,12.5,117.8283576965332,PTG
8,PTG_Hikari,18.51851851851852,117.5071144104004,PTG
8,PTG_WICKED,19.607843137254903,200.80383682250977,PTG
8,PeRo_AZ,0.0,0.0,PeRo
8,PeRo_Aixleft,20.6896551724138,277.34035873413086,PeRo
8,PeRo_Cui71,10.20408163265306,116.78812980651855,PeRo
8,PeRo_Myl,8.653846153846153,214.3298053741455,PeRo
8,SQ_M1ME,1.2121212121212122,44.86005401611328,SQ
8,SQ_Shrimzy,2.0408163265306123,19.89555931091309,SQ
8,SQ_TGLTN,11.65644171779141,200.781533241272,SQ
8,SQ_hwinn,12.865497076023392,105.64645576477052,SQ
8,SST_Feaven,0.0,0.0,SST
8,SST_Imhac,11.39240506329114,220.0968437194824,SST
8,SST_Runax,19.402985074626866,132.0568332672119,SST
8,SST_Tae9,2.3255813953488373,78.95999145507812,SST
8,STK_PurdyKurty,8.695652173913043,230.84667205810547,STK
8,STK_Vegas,7.264957264957266,474.99655628204346,STK
8,STK_alow,14.049586776859504,185.7544822692871,STK
8,STK_penta,7.142857142857142,183.43255233764648,STK
8,TWIS_BatulinS,13.375796178343949,149.5970115661621,TWIS
8,TWIS_Lu,3.225806451612903,21.850379943847656,TWIS
8,TWIS_TheTab,1.851851851851852,47.72166061401367,TWIS
8,TWIS_spyrro,1.6528925619834711,87.58525657653809,TWIS
8,Tian_77owo,3.370787,84.480001,Tian
8,Tian_LinShu,13.043478,100.123972,Tian
8,Tian_LongSkr,7.407407,63.224373,Tian
8,Tian_PaoPao,8.108108,57.312029,Tian
9,17_Lilghost,2.3255813953488373,22.799999237060547,17
9,17_SuJiu,6.0,76.55999946594238,17
9,17_Xbei,34.54545454545455,111.57999420166016,17
9,17_xwudd,16.666666666666664,79.19999694824219,17
9,4AM_CRAZY112,10.843373493975903,249.5255241394043,4AM
9,4AM_Summer,6.896551724137931,117.51643753051758,4AM
9,4AM_WangZai,9.01639344262295,132.64759063720703,4AM
9,4AM_Xiaohaixxxx,20.94240837696335,537.5946178436279,4AM
9,ACE_ItzzChrizZ,5.785123966942149,266.67967224121094,ACE
9,ACE_KILYAKAi,10.795454545454543,257.2158527374268,ACE
9,ACE_Myca,5.128205128205128,161.89591789245603,ACE
9,ACE_braex,10.256410256410255,536.8124599456787,ACE
9,CES_HaiSaki,7.142857142857142,23.38472557067871,CES
9,CES_Himass,20.28985507246377,219.7252368927002,CES
9,CES_Taikonn,2.923976608187134,58.738040924072266,CES
9,CES_YmCud,6.451612903225806,71.33320617675781,CES
9,DAY_Belmoth,4.83871,337.663919,DAY
9,DAY_Flash,4.6875,130.786121,DAY
9,DAY_Nourinz,9.482759,342.226448,DAY
9,DAY_PuuChiwz,3.738318,76.573853,DAY
9,DNW_Inonix,17.272727,300.321282,DNW
9,DNW_Loki,35.0,100.0,DNW
9,DNW_Salute,22.95082,58.188878,DNW
9,DNW_seoul,8.571429,149.212314,DNW
9,EXO_Akita,11.864406779661016,420.9144744873047,EXO
9,EXO_Hikerman,24.615384615384617,404.14619064331055,EXO
9,EXO_Rain,0.0,0.0,EXO
9,EXO_empt,7.6923076923076925,100.0,EXO
9,FaZe_Fexx,0.0,0.0,FaZe
9,FaZe_Gustav,0.0,0.0,FaZe
9,FaZe_curexi,0.0,0.0,FaZe
9,FaZe_jeemzz,10.0,46.200001,FaZe
9,GBL_Glaz,8.024691358024691,239.6670265197754,GBL
9,GBL_Gyumin,11.88118811881188,291.9337902069092,GBL
9,GBL_Heaven,2.857142857142857,219.2404270172119,GBL
9,GBL_Tosi,5.508474576271186,164.8846893310547,GBL
9,GEN_DG98,11.904761904761903,86.11476516723633,GEN
9,GEN_Foxy,8.130081300813007,357.5442657470703,GEN
9,GEN_Pio,17.0,255.7956886291504,GEN
9,GEN_taemin,6.363636363636363,157.44847679138184,GEN
9,GEX_Leo,41.176471,244.404305,GEX
9,GEX_Savior,0.0,0.0,GEX
9,GEX_Yuri,33.333333,87.007656,GEX
9,GEX_ZhenNan,11.2,250.75491,GEX
9,HOWL_Apocalyp,0.0,0.0,HOWL
9,HOWL_RuerN,12.280702,73.902679,HOWL
9,HOWL_TheMad,13.333333,82.799997,HOWL
9,HOWL_scof1eld,13.043478,118.269213,HOWL
9,III_Adam,4.37956204379562,151.06310081481934,III
9,III_RichyB,0.9433962264150944,30.23999786376953,III
9,III_Vox,5.69620253164557,205.7970962524414,III
9,III_oldless,2.5974025974025974,44.2479133605957,III
9,LG_Fludd,8.235294117647058,234.0680160522461,LG
9,LG_Kickstart,3.0303030303030303,74.38607788085938,LG
9,LG_Relo,1.282051282051282,10.80720043182373,LG
9,LG_Snakers,0.0,0.0,LG
9,NAVI_Mell,4.854368932038835,200.2628288269043,NAVI
9,NAVI_alya,10.0,241.99999809265137,NAVI
9,NAVI_ubah,2.727272727272727,62.3700008392334,NAVI
9,NAVI_xmpl,9.30232558139535,201.30024528503412,NAVI
9,NH_HSmm,4.878048780487805,391.3584270477295,NH
9,NH_MMing,13.533834586466163,318.6640567779541,NH
9,NH_Nannnnn,6.770833333333333,173.67364311218262,NH
9,NH_ZpYan1,16.16766467065868,491.9783601760864,NH
9,PLM_BORBO4Tz,0.0,0.0,PLM
9,PLM_Flukky,0.0,0.0,PLM
9,PLM_ThanawatTH,0.0,0.0,PLM
9,PLM_Thunderz,20.0,13.802906036376951,PLM
9,PTG_Adder,17.391304347826086,65.77199363708496,PTG
9,PTG_Akad,0.0,0.0,PTG
9,PTG_Hikari,9.67741935483871,188.2290153503418,PTG
9,PTG_WICKED,15.27777777777778,227.49114990234372,PTG
9,PeRo_AZ,6.04026845637584,62.88481140136719,PeRo
9,PeRo_Aixleft,8.02139037433155,311.04244232177734,PeRo
9,PeRo_Cui71,12.804878048780488,281.7068090438843,PeRo
9,PeRo_Myl,13.333333333333334,204.13842678070068,PeRo
9,SQ_M1ME,10.294117647058822,352.67677116394043,SQ
9,SQ_Shrimzy,5.405405405405405,143.69976234436035,SQ
9,SQ_TGLTN,4.938271604938271,405.5930652618408,SQ
9,SQ_hwinn,9.615384615384617,385.1494054794312,SQ
9,SST_Feaven,0.0,0.0,SST
9,SST_Imhac,3.333333333333333,26.39999961853028,SST
9,SST_Runax,0.0,0.0,SST
9,SST_Tae9,0.0,0.0,SST
9,STK_PurdyKurty,17.391304347826086,412.6098098754883,STK
9,STK_Vegas,4.918032786885246,121.87968063354492,STK
9,STK_alow,14.457831325301203,70.23132133483887,STK
9,STK_penta,4.054054054054054,106.40206909179688,STK
9,TWIS_BatulinS,7.894736842105263,33.31682014465332,TWIS
9,TWIS_Lu,3.92156862745098,20.092498779296875,TWIS
9,TWIS_TheTab,2.1505376344086025,29.117053985595703,TWIS
9,TWIS_spyrro,8.16326530612245,133.4793872833252,TWIS
9,Tian_77owo,10.493827,278.743532,Tian
9,Tian_LinShu,5.907173,253.877262,Tian
9,Tian_LongSkr,0.0,0.0,Tian
9,Tian_PaoPao,15.311005,557.873407,Tian
10,17_Lilghost,3.883495145631068,132.18316078186035,17
10,17_SuJiu,27.027027027027028,169.9999942779541,17
10,17_Xbei,1.1363636363636365,42.319149017333984,17
10,17_xwudd,3.7037037037037033,30.88758659362793,17
10,4AM_CRAZY112,5.993690851735016,325.07843494415283,4AM
10,4AM_Summer,4.090909090909091,195.15657997131348,4AM
10,4AM_WangZai,7.653061224489796,480.6749649047852,4AM
10,4AM_Xiaohaixxxx,7.59493670886076,315.90635871887207,4AM
10,ACE_ItzzChrizZ,19.23076923076924,162.95852279663086,ACE
10,ACE_KILYAKAi,23.52941176470588,130.36286735534668,ACE
10,ACE_Myca,7.142857142857142,84.22610473632812,ACE
10,ACE_braex,0.0,0.0,ACE
10,CES_HaiSaki,16.312056737588655,428.7938718795776,CES
10,CES_Himass,14.457831325301203,146.31818008422852,CES
10,CES_Taikonn,21.782178217821784,500.3446760177612,CES
10,CES_YmCud,8.421052631578947,206.3163471221924,CES
10,DAY_Belmoth,3.614458,69.375132,DAY
10,DAY_Flash,4.545455,22.406122,DAY
10,DAY_Nourinz,6.557377,97.066965,DAY
10,DAY_PuuChiwz,2.083333,12.515601,DAY
10,DNW_Inonix,15.2,328.143351,DNW
10,DNW_Loki,11.428571,256.365967,DNW
10,DNW_Salute,14.864865,180.840158,DNW
10,DNW_seoul,17.692308,537.521065,DNW
10,EXO_Akita,9.523809523809524,518.0140857696533,EXO
10,EXO_Hikerman,2.5974025974025974,24.200353622436523,EXO
10,EXO_Rain,6.796116504854369,164.22707176208496,EXO
10,EXO_empt,14.285714285714285,199.9999961853028,EXO
10,FaZe_Fexx,0.0,0.0,FaZe
10,FaZe_Gustav,18.518519,156.535364,FaZe
10,FaZe_curexi,0.0,0.0,FaZe
10,FaZe_jeemzz,0.0,0.0,FaZe
10,GBL_Glaz,0.0,0.0,GBL
10,GBL_Gyumin,17.391304347826086,99.99999618530272,GBL
10,GBL_Heaven,4.046242774566474,175.30921745300293,GBL
10,GBL_Tosi,20.40816326530612,129.88837051391602,GBL
10,GEN_DG98,0.0,0.0,GEN
10,GEN_Foxy,0.0,0.0,GEN
10,GEN_Pio,16.129032258064516,112.34584045410156,GEN
10,GEN_taemin,5.263157894736842,29.45844841003418,GEN
10,GEX_Leo,23.076923,79.199999,GEX
10,GEX_Savior,4.166667,22.119997,GEX
10,GEX_Yuri,0.0,0.0,GEX
10,GEX_ZhenNan,12.5,77.879999,GEX
10,HOWL_Apocalyp,3.75,93.245628,HOWL
10,HOWL_RuerN,12.371134,230.139,HOWL
10,HOWL_TheMad,9.090909,158.203226,HOWL
10,HOWL_scof1eld,15.740741,185.361248,HOWL
10,III_Adam,0.0,0.0,III
10,III_RichyB,44.44444444444444,15.55817413330078,III
10,III_Vox,1.9230769230769231,29.040000915527344,III
10,III_oldless,14.285714285714285,272.5236358642578,III
10,LG_Fludd,9.467455621301776,422.7854118347168,LG
10,LG_Kickstart,7.194244604316546,288.67174339294434,LG
10,LG_Relo,11.904761904761903,359.520133972168,LG
10,LG_Snakers,12.637362637362637,538.6341867446899,LG
10,NAVI_Mell,4.651162790697675,62.65209579467773,NAVI
10,NAVI_alya,26.02739726027397,287.9586811065674,NAVI
10,NAVI_ubah,18.97810218978102,221.3137493133545,NAVI
10,NAVI_xmpl,28.846153846153843,264.921012878418,NAVI
10,NH_HSmm,15.384615384615383,165.1418514251709,NH
10,NH_MMing,15.384615384615383,164.52458095550537,NH
10,NH_Nannnnn,22.727272727272727,112.61846256256104,NH
10,NH_ZpYan1,16.923076923076923,207.1790771484375,NH
10,PLM_BORBO4Tz,4.975124378109453,123.39969635009766,PLM
10,PLM_Flukky,9.743589743589745,270.8898067474365,PLM
10,PLM_ThanawatTH,3.30188679245283,239.61420440673828,PLM
10,PLM_Thunderz,3.79746835443038,167.98069190979004,PLM
10,PTG_Adder,10.227272727272728,272.3512115478516,PTG
10,PTG_Akad,7.142857142857142,245.4921989440918,PTG
10,PTG_Hikari,28.346456692913385,538.9207077026367,PTG
10,PTG_WICKED,13.008130081300814,336.16115379333496,PTG
10,PeRo_AZ,7.329842931937172,300.3700819015503,PeRo
10,PeRo_Aixleft,10.144927536231885,461.1727781295776,PeRo
10,PeRo_Cui71,12.021857923497269,582.998441696167,PeRo
10,PeRo_Myl,10.476190476190476,219.2388706207276,PeRo
10,SQ_M1ME,14.285714285714285,45.60976982116699,SQ
10,SQ_Shrimzy,0.0,0.0,SQ
10,SQ_TGLTN,27.77777777777778,195.28530883789065,SQ
10,SQ_hwinn,16.417910447761194,94.9902286529541,SQ
10,SST_Feaven,2.2222222222222223,53.46719741821289,SST
10,SST_Imhac,10.20408163265306,110.88000106811523,SST
10,SST_Runax,15.384615384615383,84.84420013427734,SST
10,SST_Tae9,7.142857142857142,116.72762870788574,SST
10,STK_PurdyKurty,15.384615384615383,41.579999923706055,STK
10,STK_Vegas,12.5,21.61440086364746,STK
10,STK_alow,0.0,0.0,STK
10,STK_penta,27.27272727272727,70.79999923706055,STK
10,TWIS_BatulinS,23.809523809523807,100.0,TWIS
10,TWIS_Lu,7.575757575757576,289.0205497741699,TWIS
10,TWIS_TheTab,6.043956043956044,185.5603179931641,TWIS
10,TWIS_spyrro,0.0,0.0,TWIS
10,Tian_77owo,22.222222,214.319506,Tian
10,Tian_LinShu,0.0,0.0,Tian
10,Tian_LongSkr,6.818182,79.756844,Tian
10,Tian_PaoPao,20.454545,154.996099,Tian
11,17_Lilghost,6.299212598425196,175.9553747177124,17
11,17_SuJiu,10.909090909090908,116.43344497680664,17
11,17_Xbei,8.823529411764707,10.19999885559082,17
11,17_xwudd,0.0,0.0,17
11,4AM_CRAZY112,3.5294117647058822,91.4541244506836,4AM
11,4AM_Summer,13.88888888888889,125.7593002319336,4AM
11,4AM_WangZai,0.0,0.0,4AM
11,4AM_Xiaohaixxxx,0.0,0.0,4AM
11,ACE_ItzzChrizZ,,,ACE
11,ACE_KILYAKAi,3.0303030303030303,21.780000686645508,ACE
11,ACE_Myca,13.333333333333334,43.09307289123535,ACE
11,ACE_braex,16.666666666666664,39.09680938720703,ACE
11,CES_HaiSaki,200.0,87.67993354797363,CES
11,CES_Himass,41.66666666666667,100.0,CES
11,CES_Taikonn,41.17647058823529,381.30005836486816,CES
11,CES_YmCud,38.88888888888889,103.54357814788818,CES
11,DAY_Belmoth,7.97546,455.129116,DAY
11,DAY_Flash,10.778443,340.649539,DAY
11,DAY_Nourinz,14.754098,642.963249,DAY
11,DAY_PuuChiwz,7.792208,458.702562,DAY
11,DNW_Inonix,16.216216,584.298589,DNW
11,DNW_Loki,3.26087,57.090357,DNW
11,DNW_Salute,12.781955,602.532177,DNW
11,DNW_seoul,12.921348,467.183273,DNW
11,EXO_Akita,0.0,0.0,EXO
11,EXO_Hikerman,15.151515151515152,148.00000095367432,EXO
11,EXO_Rain,5.128205128205128,36.89999961853027,EXO
11,EXO_empt,13.333333333333334,100.0,EXO
11,FaZe_Fexx,7.692308,112.515665,FaZe
11,FaZe_Gustav,0.0,0.0,FaZe
11,FaZe_curexi,15.037594,316.210888,FaZe
11,FaZe_jeemzz,12.765957,306.428207,FaZe
11,GBL_Glaz,7.35930735930736,322.638074874878,GBL
11,GBL_Gyumin,2.083333333333333,55.4372673034668,GBL
11,GBL_Heaven,14.173228346456693,384.4773559570313,GBL
11,GBL_Tosi,9.95260663507109,323.2492980957031,GBL
11,GEN_DG98,11.278195488721805,244.5999984741211,GEN
11,GEN_Foxy,23.07692307692308,173.07999229431152,GEN
11,GEN_Pio,11.428571428571429,338.1876621246338,GEN
11,GEN_taemin,28.30188679245283,144.30800437927246,GEN
11,GEX_Leo,10.769231,234.511698,GEX
11,GEX_Savior,32.786885,156.636358,GEX
11,GEX_Yuri,1.818182,69.841959,GEX
11,GEX_ZhenNan,6.382979,143.943066,GEX
11,HOWL_Apocalyp,33.333333,89.0,HOWL
11,HOWL_RuerN,0.0,0.0,HOWL
11,HOWL_TheMad,17.948718,148.060264,HOWL
11,HOWL_scof1eld,350.0,100.0,HOWL
11,III_Adam,3.883495145631068,200.6684799194336,III
11,III_RichyB,5.691056910569105,189.1272087097168,III
11,III_Vox,9.615384615384617,361.822714805603,III
11,III_oldless,4.0,36.40660858154297,III
11,LG_Fludd,8.609271523178808,310.4167671203613,LG
11,LG_Kickstart,2.380952380952381,27.138669967651367,LG
11,LG_Relo,8.588957055214724,314.4934329986572,LG
11,LG_Snakers,6.870229007633588,185.82340908050537,LG
11,NAVI_Mell,13.36405529953917,294.40668296813965,NAVI
11,NAVI_alya,17.91907514450867,547.1158714294434,NAVI
11,NAVI_ubah,9.876543209876544,474.7538986206055,NAVI
11,NAVI_xmpl,9.230769230769232,238.27836799621585,NAVI
11,NH_HSmm,5.88235294117647,228.00075721740723,NH
11,NH_MMing,3.5294117647058822,169.01057243347168,NH
11,NH_Nannnnn,4.854368932038835,380.7311897277832,NH
11,NH_ZpYan1,3.603603603603604,84.2949447631836,NH
11,PLM_BORBO4Tz,1.8867924528301887,22.388851165771484,PLM
11,PLM_Flukky,13.592233009708735,194.5442180633545,PLM
11,PLM_ThanawatTH,17.94871794871795,110.00000476837158,PLM
11,PLM_Thunderz,0.0,0.0,PLM
11,PTG_Adder,18.181818181818183,42.57000160217285,PTG
11,PTG_Akad,0.0,0.0,PTG
11,PTG_Hikari,16.666666666666664,200.0,PTG
11,PTG_WICKED,18.181818181818183,113.82999801635742,PTG
11,PeRo_AZ,1.96078431372549,44.49867057800293,PeRo
11,PeRo_Aixleft,9.195402298850574,273.5466003417969,PeRo
11,PeRo_Cui71,21.00840336134453,290.2777519226074,PeRo
11,PeRo_Myl,9.25925925925926,176.1999969482422,PeRo
11,SQ_M1ME,3.088803088803089,207.90570449829104,SQ
11,SQ_Shrimzy,9.523809523809524,435.600510597229,SQ
11,SQ_TGLTN,5.217391304347826,116.4249095916748,SQ
11,SQ_hwinn,1.7543859649122806,25.67556953430176,SQ
11,SST_Feaven,0.0,0.0,SST
11,SST_Imhac,13.942307692307692,499.4413776397705,SST
11,SST_Runax,6.521739130434782,77.4419994354248,SST
11,SST_Tae9,6.849315068493151,313.0517292022705,SST
11,STK_PurdyKurty,4.545454545454546,131.98617553710938,STK
11,STK_Vegas,4.787234042553192,376.1227645874024,STK
11,STK_alow,9.090909090909092,298.72149658203125,STK
11,STK_penta,7.352941176470589,121.5193920135498,STK
11,TWIS_BatulinS,5.555555555555555,28.734149932861328,TWIS
11,TWIS_Lu,96.15384615384616,304.0475130081177,TWIS
11,TWIS_TheTab,34.48275862068966,229.5596251487732,TWIS
11,TWIS_spyrro,25.0,199.33405113220212,TWIS
11,Tian_77owo,47.826087,111.219997,Tian
11,Tian_LinShu,0.0,0.0,Tian
11,Tian_LongSkr,0.0,0.0,Tian
11,Tian_PaoPao,5.128205,54.120001,Tian
12,17_Lilghost,3.1645569620253164,132.99827766418457,17
12,17_SuJiu,4.545454545454546,21.61440086364746,17
12,17_Xbei,7.526881720430108,100.0,17
12,17_xwudd,0.0,0.0,17
12,4AM_CRAZY112,0.0,0.0,4AM
12,4AM_Summer,14.666666666666666,159.43747329711914,4AM
12,4AM_WangZai,9.210526315789473,82.99999809265137,4AM
12,4AM_Xiaohaixxxx,2.941176470588235,18.0,4AM
12,ACE_ItzzChrizZ,3.260869565217391,75.53502655029297,ACE
12,ACE_KILYAKAi,3.0303030303030303,43.55999946594238,ACE
12,ACE_Myca,2.307692307692308,61.40733528137207,ACE
12,ACE_braex,3.125,26.600000381469727,ACE
12,CES_HaiSaki,53.84615384615385,0.0,CES
12,CES_Himass,6.25,19.799999237060547,CES
12,CES_Taikonn,13.26530612244898,428.2774295806885,CES
12,CES_YmCud,10.81081081081081,270.94891929626465,CES
12,DAY_Belmoth,3.557312,321.18189,DAY
12,DAY_Flash,18.63354,581.521707,DAY
12,DAY_Nourinz,10.434783,260.989798,DAY
12,DAY_PuuChiwz,10.077519,239.968529,DAY
12,DNW_Inonix,15.510204,787.814692,DNW
12,DNW_Loki,11.764706,467.45716,DNW
12,DNW_Salute,11.111111,113.519991,DNW
12,DNW_seoul,8.21256,537.536345,DNW
12,EXO_Akita,0.0,0.0,EXO
12,EXO_Hikerman,6.0606060606060606,55.44000053405762,EXO
12,EXO_Rain,0.0,0.0,EXO
12,EXO_empt,8.0,57.357566833496094,EXO
12,FaZe_Fexx,9.62963,257.344006,FaZe
12,FaZe_Gustav,10.0,117.867399,FaZe
12,FaZe_curexi,10.526316,320.047661,FaZe
12,FaZe_jeemzz,11.688312,150.122574,FaZe
12,GBL_Glaz,8.13953488372093,280.7675476074219,GBL
12,GBL_Gyumin,1.5151515151515151,26.22311019897461,GBL
12,GBL_Heaven,12.34567901234568,210.96919059753412,GBL
12,GBL_Tosi,3.636363636363636,101.9012393951416,GBL
12,GEN_DG98,6.0606060606060606,157.78054428100586,GEN
12,GEN_Foxy,3.5211267605633805,171.46863651275635,GEN
12,GEN_Pio,7.608695652173914,343.0701332092285,GEN
12,GEN_taemin,1.6129032258064515,24.884998321533203,GEN
12,GEX_Leo,17.021277,185.890564,GEX
12,GEX_Savior,12.448133,516.480358,GEX
12,GEX_Yuri,10.638298,119.875052,GEX
12,GEX_ZhenNan,5.147059,133.721949,GEX
12,HOWL_Apocalyp,0.0,0.0,HOWL
12,HOWL_RuerN,10.294118,242.501945,HOWL
12,HOWL_TheMad,5.154639,51.668682,HOWL
12,HOWL_scof1eld,17.171717,485.709423,HOWL
12,III_Adam,54.16666666666666,210.86649322509768,III
12,III_RichyB,12.195121951219512,120.93351936340332,III
12,III_Vox,0.0,0.0,III
12,III_oldless,5.405405405405405,45.97726821899414,III
12,LG_Fludd,8.333333333333332,433.69060134887695,LG
12,LG_Kickstart,9.722222222222223,549.9695539474487,LG
12,LG_Relo,0.0,0.0,LG
12,LG_Snakers,11.284046692607005,674.3132877349854,LG
12,NAVI_Mell,14.102564102564102,276.76980209350586,NAVI
12,NAVI_alya,24.46808510638298,175.0207347869873,NAVI
12,NAVI_ubah,0.0,0.0,NAVI
12,NAVI_xmpl,0.0,0.0,NAVI
12,NH_HSmm,7.6923076923076925,221.5480298995972,NH
12,NH_MMing,19.166666666666668,528.4455814361572,NH
12,NH_Nannnnn,12.682926829268292,394.8531827926636,NH
12,NH_ZpYan1,9.352517985611511,97.9012393951416,NH
12,PLM_BORBO4Tz,1.7857142857142856,58.46187400817871,PLM
12,PLM_Flukky,19.148936170212767,210.83880043029785,PLM
12,PLM_ThanawatTH,10.784313725490197,81.21833992004395,PLM
12,PLM_Thunderz,10.135135135135137,353.3681392669678,PLM
12,PTG_Adder,6.7669172932330826,83.50548362731934,PTG
12,PTG_Akad,3.418803418803419,65.27356147766113,PTG
12,PTG_Hikari,26.20689655172414,565.4400329589844,PTG
12,PTG_WICKED,28.88888888888889,257.0436191558838,PTG
12,PeRo_AZ,3.8461538461538463,152.1251564025879,PeRo
12,PeRo_Aixleft,15.0,226.90930557250977,PeRo
12,PeRo_Cui71,18.93491124260355,569.754228591919,PeRo
12,PeRo_Myl,15.32258064516129,407.2634735107422,PeRo
12,SQ_M1ME,0.0,0.0,SQ
12,SQ_Shrimzy,25.0,275.79444122314453,SQ
12,SQ_TGLTN,8.771929824561402,141.554949760437,SQ
12,SQ_hwinn,0.0,0.0,SQ
12,SST_Feaven,4.651162790697675,67.31980895996094,SST
12,SST_Imhac,0.0,0.0,SST
12,SST_Runax,10.476190476190476,226.8872833251953,SST
12,SST_Tae9,19.480519480519483,125.95270538330078,SST
12,STK_PurdyKurty,9.285714285714286,323.6397705078125,STK
12,STK_Vegas,7.881773399014778,438.1069526672363,STK
12,STK_alow,10.11904761904762,499.5200138092041,STK
12,STK_penta,9.090909090909092,198.5257453918457,STK
12,TWIS_BatulinS,12.5,80.99999809265137,TWIS
12,TWIS_Lu,11.29032258064516,100.0,TWIS
12,TWIS_TheTab,0.0,0.0,TWIS
12,TWIS_spyrro,17.02127659574468,94.80000019073486,TWIS
12,Tian_77owo,12.5,28.000103,Tian
12,Tian_LinShu,2.777778,11.839683,Tian
12,Tian_LongSkr,2.597403,82.799997,Tian
12,Tian_PaoPao,10.416667,180.514648,Tian
